<reseau>
<ville>
<nom>V3</nom>
<type>petite</type>
<touristique>non</touristique>
<coordonnees>
<latitude>25.497687557817915</latitude>
<longitude>25.13592955102125</longitude>
</coordonnees>
</ville>
<ville>
<nom>V0</nom>
<type>grande</type>
<touristique>oui</touristique>
<coordonnees>
<latitude>26.717684684518623</latitude>
<longitude>26.60954777719795</longitude>
</coordonnees>
</ville>
<ville>
<nom>V5</nom>
<type>petite</type>
<touristique>non</touristique>
<coordonnees>
<latitude>25.787867859128514</latitude>
<longitude>26.17176555954441</longitude>
</coordonnees>
</ville>
<ville>
<nom>V8</nom>
<type>petite</type>
<touristique>non</touristique>
<coordonnees>
<latitude>28.9938784653045</latitude>
<longitude>26.94387375372414</longitude>
</coordonnees>
</ville>
<ville>
<nom>V4</nom>
<type>moyenne</type>
<touristique>non</touristique>
<coordonnees>
<latitude>25.309566135674253</latitude>
<longitude>26.131295139919267</longitude>
</coordonnees>
</ville>
<ville>
<nom>V6</nom>
<type>petite</type>
<touristique>non</touristique>
<coordonnees>
<latitude>26.481251243345707</latitude>
<longitude>27.9558012059192</longitude>
</coordonnees>
</ville>
<ville>
<nom>V1</nom>
<type>petite</type>
<touristique>oui</touristique>
<coordonnees>
<latitude>28.16013855114306</latitude>
<longitude>28.57188098110269</longitude>
</coordonnees>
</ville>
<ville>
<nom>V9</nom>
<type>moyenne</type>
<touristique>oui</touristique>
<coordonnees>
<latitude>26.851562821783194</latitude>
<longitude>27.70696462997109</longitude>
</coordonnees>
</ville>
<ville>
<nom>V7</nom>
<type>petite</type>
<touristique>non</touristique>
<coordonnees>
<latitude>25.780284230693034</latitude>
<longitude>28.13398169346318</longitude>
</coordonnees>
</ville>
<ville>
<nom>V2</nom>
<type>petite</type>
<touristique>oui</touristique>
<coordonnees>
<latitude>26.20030189745447</latitude>
<longitude>27.094350693407417</longitude>
</coordonnees>
</ville>
<route>
<nom>A1</nom>
<type>autoroute</type>
<troncon>
<ville1>V4</ville1>
<ville2>V5</ville2>
<vitesse>130</vitesse>
<touristique>non</touristique>
<radar>non</radar>
<payant>non</payant>
<longueur>144</longueur>
</troncon>
<troncon>
<ville1>V4</ville1>
<ville2>V6</ville2>
<vitesse>90</vitesse>
<touristique>non</touristique>
<radar>non</radar>
<payant>non</payant>
<longueur>597</longueur>
</troncon>
<troncon>
<ville1>V4</ville1>
<ville2>V7</ville2>
<vitesse>110</vitesse>
<touristique>non</touristique>
<radar>non</radar>
<payant>non</payant>
<longueur>552</longueur>
</troncon>
<troncon>
<ville1>V4</ville1>
<ville2>V8</ville2>
<vitesse>90</vitesse>
<touristique>non</touristique>
<radar>non</radar>
<payant>non</payant>
<longueur>475</longueur>
</troncon>
<troncon>
<ville1>V4</ville1>
<ville2>V9</ville2>
<vitesse>90</vitesse>
<touristique>non</touristique>
<radar>non</radar>
<payant>non</payant>
<longueur>329</longueur>
</troncon>
<troncon>
<ville1>V3</ville1>
<ville2>V4</ville2>
<vitesse>110</vitesse>
<touristique>oui</touristique>
<radar>non</radar>
<payant>non</payant>
<longueur>260</longueur>
</troncon>
<troncon>
<ville1>V3</ville1>
<ville2>V5</ville2>
<vitesse>130</vitesse>
<touristique>non</touristique>
<radar>non</radar>
<payant>non</payant>
<longueur>133</longueur>
</troncon>
<troncon>
<ville1>V3</ville1>
<ville2>V6</ville2>
<vitesse>90</vitesse>
<touristique>non</touristique>
<radar>non</radar>
<payant>non</payant>
<longueur>660</longueur>
</troncon>
<troncon>
<ville1>V3</ville1>
<ville2>V7</ville2>
<vitesse>130</vitesse>
<touristique>non</touristique>
<radar>non</radar>
<payant>non</payant>
<longueur>649</longueur>
</troncon>
<troncon>
<ville1>V3</ville1>
<ville2>V8</ville2>
<vitesse>110</vitesse>
<touristique>non</touristique>
<radar>non</radar>
<payant>non</payant>
<longueur>1084</longueur>
</troncon>
<troncon>
<ville1>V3</ville1>
<ville2>V9</ville2>
<vitesse>130</vitesse>
<touristique>non</touristique>
<radar>non</radar>
<payant>non</payant>
<longueur>375</longueur>
</troncon>
<troncon>
<ville1>V5</ville1>
<ville2>V9</ville2>
<vitesse>90</vitesse>
<touristique>non</touristique>
<radar>non</radar>
<payant>non</payant>
<longueur>224</longueur>
</troncon>
<troncon>
<ville1>V5</ville1>
<ville2>V6</ville2>
<vitesse>130</vitesse>
<touristique>non</touristique>
<radar>non</radar>
<payant>non</payant>
<longueur>394</longueur>
</troncon>
<troncon>
<ville1>V5</ville1>
<ville2>V7</ville2>
<vitesse>130</vitesse>
<touristique>non</touristique>
<radar>non</radar>
<payant>non</payant>
<longueur>250</longueur>
</troncon>
<troncon>
<ville1>V5</ville1>
<ville2>V8</ville2>
<vitesse>130</vitesse>
<touristique>non</touristique>
<radar>non</radar>
<payant>non</payant>
<longueur>807</longueur>
</troncon>
<troncon>
<ville1>V4</ville1>
<ville2>V5</ville2>
<vitesse>110</vitesse>
<touristique>non</touristique>
<radar>non</radar>
<payant>non</payant>
<longueur>56</longueur>
</troncon>
<troncon>
<ville1>V4</ville1>
<ville2>V6</ville2>
<vitesse>110</vitesse>
<touristique>non</touristique>
<radar>non</radar>
<payant>non</payant>
<longueur>225</longueur>
</troncon>
<troncon>
<ville1>V4</ville1>
<ville2>V7</ville2>
<vitesse>110</vitesse>
<touristique>non</touristique>
<radar>non</radar>
<payant>non</payant>
<longueur>585</longueur>
</troncon>
<troncon>
<ville1>V4</ville1>
<ville2>V8</ville2>
<vitesse>110</vitesse>
<touristique>non</touristique>
<radar>non</radar>
<payant>non</payant>
<longueur>917</longueur>
</troncon>
<troncon>
<ville1>V4</ville1>
<ville2>V9</ville2>
<vitesse>130</vitesse>
<touristique>non</touristique>
<radar>non</radar>
<payant>non</payant>
<longueur>507</longueur>
</troncon>
<troncon>
<ville1>V6</ville1>
<ville2>V9</ville2>
<vitesse>130</vitesse>
<touristique>non</touristique>
<radar>non</radar>
<payant>non</payant>
<longueur>61</longueur>
</troncon>
<troncon>
<ville1>V6</ville1>
<ville2>V7</ville2>
<vitesse>110</vitesse>
<touristique>non</touristique>
<radar>non</radar>
<payant>non</payant>
<longueur>225</longueur>
</troncon>
<troncon>
<ville1>V6</ville1>
<ville2>V8</ville2>
<vitesse>130</vitesse>
<touristique>non</touristique>
<radar>non</radar>
<payant>non</payant>
<longueur>438</longueur>
</troncon>
<troncon>
<ville1>V5</ville1>
<ville2>V6</ville2>
<vitesse>90</vitesse>
<touristique>oui</touristique>
<radar>non</radar>
<payant>non</payant>
<longueur>331</longueur>
</troncon>
<troncon>
<ville1>V5</ville1>
<ville2>V7</ville2>
<vitesse>110</vitesse>
<touristique>non</touristique>
<radar>non</radar>
<payant>non</payant>
<longueur>383</longueur>
</troncon>
<troncon>
<ville1>V5</ville1>
<ville2>V8</ville2>
<vitesse>110</vitesse>
<touristique>non</touristique>
<radar>non</radar>
<payant>non</payant>
<longueur>482</longueur>
</troncon>
<troncon>
<ville1>V5</ville1>
<ville2>V9</ville2>
<vitesse>110</vitesse>
<touristique>non</touristique>
<radar>non</radar>
<payant>non</payant>
<longueur>238</longueur>
</troncon>
<troncon>
<ville1>V7</ville1>
<ville2>V9</ville2>
<vitesse>90</vitesse>
<touristique>non</touristique>
<radar>non</radar>
<payant>non</payant>
<longueur>192</longueur>
</troncon>
<troncon>
<ville1>V7</ville1>
<ville2>V8</ville2>
<vitesse>90</vitesse>
<touristique>oui</touristique>
<radar>non</radar>
<payant>non</payant>
<longueur>670</longueur>
</troncon>
<troncon>
<ville1>V6</ville1>
<ville2>V7</ville2>
<vitesse>130</vitesse>
<touristique>oui</touristique>
<radar>non</radar>
<payant>non</payant>
<longueur>99</longueur>
</troncon>
<troncon>
<ville1>V6</ville1>
<ville2>V8</ville2>
<vitesse>110</vitesse>
<touristique>non</touristique>
<radar>non</radar>
<payant>non</payant>
<longueur>787</longueur>
</troncon>
<troncon>
<ville1>V6</ville1>
<ville2>V9</ville2>
<vitesse>110</vitesse>
<touristique>non</touristique>
<radar>non</radar>
<payant>non</payant>
<longueur>67</longueur>
</troncon>
<troncon>
<ville1>V8</ville1>
<ville2>V9</ville2>
<vitesse>110</vitesse>
<touristique>non</touristique>
<radar>non</radar>
<payant>non</payant>
<longueur>721</longueur>
</troncon>
<troncon>
<ville1>V2</ville1>
<ville2>V8</ville2>
<vitesse>110</vitesse>
<touristique>non</touristique>
<radar>non</radar>
<payant>non</payant>
<longueur>913</longueur>
</troncon>
<troncon>
<ville1>V2</ville1>
<ville2>V9</ville2>
<vitesse>110</vitesse>
<touristique>non</touristique>
<radar>non</radar>
<payant>non</payant>
<longueur>159</longueur>
</troncon>
<troncon>
<ville1>V7</ville1>
<ville2>V9</ville2>
<vitesse>110</vitesse>
<touristique>non</touristique>
<radar>non</radar>
<payant>non</payant>
<longueur>144</longueur>
</troncon>
<troncon>
<ville1>V7</ville1>
<ville2>V8</ville2>
<vitesse>130</vitesse>
<touristique>non</touristique>
<radar>non</radar>
<payant>non</payant>
<longueur>415</longueur>
</troncon>
<troncon>
<ville1>V8</ville1>
<ville2>V9</ville2>
<vitesse>110</vitesse>
<touristique>non</touristique>
<radar>non</radar>
<payant>non</payant>
<longueur>637</longueur>
</troncon>
</route>
<route>
<nom>D1</nom>
<type>departementale</type>
<troncon>
<ville1>V0</ville1>
<ville2>V1</ville2>
<vitesse>50</vitesse>
<touristique>non</touristique>
<radar>non</radar>
<payant>non</payant>
<longueur>636</longueur>
</troncon>
<troncon>
<ville1>V0</ville1>
<ville2>V2</ville2>
<vitesse>30</vitesse>
<touristique>non</touristique>
<radar>non</radar>
<payant>non</payant>
<longueur>151</longueur>
</troncon>
<troncon>
<ville1>V0</ville1>
<ville2>V3</ville2>
<vitesse>30</vitesse>
<touristique>non</touristique>
<radar>non</radar>
<payant>non</payant>
<longueur>373</longueur>
</troncon>
<troncon>
<ville1>V0</ville1>
<ville2>V4</ville2>
<vitesse>50</vitesse>
<touristique>non</touristique>
<radar>non</radar>
<payant>non</payant>
<longueur>464</longueur>
</troncon>
<troncon>
<ville1>V0</ville1>
<ville2>V5</ville2>
<vitesse>70</vitesse>
<touristique>non</touristique>
<radar>non</radar>
<payant>non</payant>
<longueur>330</longueur>
</troncon>
<troncon>
<ville1>V0</ville1>
<ville2>V6</ville2>
<vitesse>30</vitesse>
<touristique>non</touristique>
<radar>non</radar>
<payant>non</payant>
<longueur>235</longueur>
</troncon>
<troncon>
<ville1>V0</ville1>
<ville2>V7</ville2>
<vitesse>30</vitesse>
<touristique>oui</touristique>
<radar>non</radar>
<payant>non</payant>
<longueur>397</longueur>
</troncon>
<troncon>
<ville1>V0</ville1>
<ville2>V8</ville2>
<vitesse>30</vitesse>
<touristique>non</touristique>
<radar>non</radar>
<payant>non</payant>
<longueur>297</longueur>
</troncon>
<troncon>
<ville1>V0</ville1>
<ville2>V9</ville2>
<vitesse>30</vitesse>
<touristique>non</touristique>
<radar>non</radar>
<payant>non</payant>
<longueur>247</longueur>
</troncon>
<troncon>
<ville1>V0</ville1>
<ville2>V1</ville2>
<vitesse>50</vitesse>
<touristique>non</touristique>
<radar>non</radar>
<payant>non</payant>
<longueur>280</longueur>
</troncon>
<troncon>
<ville1>V0</ville1>
<ville2>V2</ville2>
<vitesse>50</vitesse>
<touristique>non</touristique>
<radar>non</radar>
<payant>non</payant>
<longueur>154</longueur>
</troncon>
<troncon>
<ville1>V0</ville1>
<ville2>V3</ville2>
<vitesse>30</vitesse>
<touristique>non</touristique>
<radar>non</radar>
<payant>non</payant>
<longueur>368</longueur>
</troncon>
<troncon>
<ville1>V0</ville1>
<ville2>V4</ville2>
<vitesse>50</vitesse>
<touristique>non</touristique>
<radar>non</radar>
<payant>non</payant>
<longueur>401</longueur>
</troncon>
<troncon>
<ville1>V0</ville1>
<ville2>V5</ville2>
<vitesse>50</vitesse>
<touristique>oui</touristique>
<radar>non</radar>
<payant>non</payant>
<longueur>144</longueur>
</troncon>
<troncon>
<ville1>V0</ville1>
<ville2>V6</ville2>
<vitesse>50</vitesse>
<touristique>non</touristique>
<radar>non</radar>
<payant>non</payant>
<longueur>300</longueur>
</troncon>
<troncon>
<ville1>V0</ville1>
<ville2>V7</ville2>
<vitesse>70</vitesse>
<touristique>non</touristique>
<radar>non</radar>
<payant>non</payant>
<longueur>203</longueur>
</troncon>
<troncon>
<ville1>V0</ville1>
<ville2>V8</ville2>
<vitesse>50</vitesse>
<touristique>non</touristique>
<radar>non</radar>
<payant>non</payant>
<longueur>386</longueur>
</troncon>
<troncon>
<ville1>V0</ville1>
<ville2>V9</ville2>
<vitesse>30</vitesse>
<touristique>non</touristique>
<radar>non</radar>
<payant>non</payant>
<longueur>258</longueur>
</troncon>
<troncon>
<ville1>V1</ville1>
<ville2>V9</ville2>
<vitesse>30</vitesse>
<touristique>non</touristique>
<radar>non</radar>
<payant>non</payant>
<longueur>493</longueur>
</troncon>
<troncon>
<ville1>V1</ville1>
<ville2>V2</ville2>
<vitesse>30</vitesse>
<touristique>non</touristique>
<radar>non</radar>
<payant>non</payant>
<longueur>316</longueur>
</troncon>
<troncon>
<ville1>V1</ville1>
<ville2>V3</ville2>
<vitesse>30</vitesse>
<touristique>non</touristique>
<radar>non</radar>
<payant>non</payant>
<longueur>1252</longueur>
</troncon>
<troncon>
<ville1>V1</ville1>
<ville2>V4</ville2>
<vitesse>70</vitesse>
<touristique>non</touristique>
<radar>non</radar>
<payant>non</payant>
<longueur>499</longueur>
</troncon>
<troncon>
<ville1>V1</ville1>
<ville2>V5</ville2>
<vitesse>30</vitesse>
<touristique>non</touristique>
<radar>non</radar>
<payant>non</payant>
<longueur>742</longueur>
</troncon>
<troncon>
<ville1>V1</ville1>
<ville2>V6</ville2>
<vitesse>70</vitesse>
<touristique>non</touristique>
<radar>non</radar>
<payant>non</payant>
<longueur>257</longueur>
</troncon>
<troncon>
<ville1>V1</ville1>
<ville2>V7</ville2>
<vitesse>50</vitesse>
<touristique>non</touristique>
<radar>non</radar>
<payant>non</payant>
<longueur>334</longueur>
</troncon>
<troncon>
<ville1>V1</ville1>
<ville2>V8</ville2>
<vitesse>30</vitesse>
<touristique>non</touristique>
<radar>non</radar>
<payant>non</payant>
<longueur>326</longueur>
</troncon>
</route>
<route>
<nom>D2</nom>
<type>departementale</type>
<troncon>
<ville1>V2</ville1>
<ville2>V3</ville2>
<vitesse>70</vitesse>
<touristique>non</touristique>
<radar>non</radar>
<payant>non</payant>
<longueur>618</longueur>
</troncon>
<troncon>
<ville1>V2</ville1>
<ville2>V4</ville2>
<vitesse>50</vitesse>
<touristique>non</touristique>
<radar>non</radar>
<payant>non</payant>
<longueur>146</longueur>
</troncon>
<troncon>
<ville1>V2</ville1>
<ville2>V5</ville2>
<vitesse>70</vitesse>
<touristique>oui</touristique>
<radar>non</radar>
<payant>non</payant>
<longueur>229</longueur>
</troncon>
<troncon>
<ville1>V2</ville1>
<ville2>V6</ville2>
<vitesse>70</vitesse>
<touristique>non</touristique>
<radar>non</radar>
<payant>non</payant>
<longueur>99</longueur>
</troncon>
<troncon>
<ville1>V2</ville1>
<ville2>V7</ville2>
<vitesse>70</vitesse>
<touristique>non</touristique>
<radar>non</radar>
<payant>non</payant>
<longueur>135</longueur>
</troncon>
<troncon>
<ville1>V2</ville1>
<ville2>V8</ville2>
<vitesse>30</vitesse>
<touristique>non</touristique>
<radar>non</radar>
<payant>non</payant>
<longueur>476</longueur>
</troncon>
<troncon>
<ville1>V2</ville1>
<ville2>V9</ville2>
<vitesse>70</vitesse>
<touristique>non</touristique>
<radar>non</radar>
<payant>non</payant>
<longueur>123</longueur>
</troncon>
<troncon>
<ville1>V1</ville1>
<ville2>V2</ville2>
<vitesse>50</vitesse>
<touristique>non</touristique>
<radar>non</radar>
<payant>non</payant>
<longueur>484</longueur>
</troncon>
<troncon>
<ville1>V1</ville1>
<ville2>V3</ville2>
<vitesse>30</vitesse>
<touristique>non</touristique>
<radar>non</radar>
<payant>non</payant>
<longueur>1185</longueur>
</troncon>
<troncon>
<ville1>V1</ville1>
<ville2>V4</ville2>
<vitesse>30</vitesse>
<touristique>non</touristique>
<radar>non</radar>
<payant>non</payant>
<longueur>1161</longueur>
</troncon>
<troncon>
<ville1>V1</ville1>
<ville2>V5</ville2>
<vitesse>50</vitesse>
<touristique>non</touristique>
<radar>non</radar>
<payant>non</payant>
<longueur>864</longueur>
</troncon>
<troncon>
<ville1>V1</ville1>
<ville2>V6</ville2>
<vitesse>30</vitesse>
<touristique>non</touristique>
<radar>non</radar>
<payant>non</payant>
<longueur>478</longueur>
</troncon>
<troncon>
<ville1>V1</ville1>
<ville2>V7</ville2>
<vitesse>50</vitesse>
<touristique>non</touristique>
<radar>non</radar>
<payant>non</payant>
<longueur>697</longueur>
</troncon>
<troncon>
<ville1>V1</ville1>
<ville2>V8</ville2>
<vitesse>50</vitesse>
<touristique>non</touristique>
<radar>non</radar>
<payant>non</payant>
<longueur>210</longueur>
</troncon>
<troncon>
<ville1>V1</ville1>
<ville2>V9</ville2>
<vitesse>70</vitesse>
<touristique>oui</touristique>
<radar>non</radar>
<payant>non</payant>
<longueur>491</longueur>
</troncon>
<troncon>
<ville1>V3</ville1>
<ville2>V9</ville2>
<vitesse>70</vitesse>
<touristique>non</touristique>
<radar>non</radar>
<payant>non</payant>
<longueur>301</longueur>
</troncon>
<troncon>
<ville1>V3</ville1>
<ville2>V4</ville2>
<vitesse>50</vitesse>
<touristique>oui</touristique>
<radar>non</radar>
<payant>non</payant>
<longueur>185</longueur>
</troncon>
<troncon>
<ville1>V3</ville1>
<ville2>V5</ville2>
<vitesse>50</vitesse>
<touristique>non</touristique>
<radar>non</radar>
<payant>non</payant>
<longueur>201</longueur>
</troncon>
<troncon>
<ville1>V3</ville1>
<ville2>V6</ville2>
<vitesse>70</vitesse>
<touristique>non</touristique>
<radar>non</radar>
<payant>non</payant>
<longueur>654</longueur>
</troncon>
<troncon>
<ville1>V3</ville1>
<ville2>V7</ville2>
<vitesse>70</vitesse>
<touristique>non</touristique>
<radar>non</radar>
<payant>non</payant>
<longueur>495</longueur>
</troncon>
<troncon>
<ville1>V3</ville1>
<ville2>V8</ville2>
<vitesse>70</vitesse>
<touristique>non</touristique>
<radar>non</radar>
<payant>non</payant>
<longueur>554</longueur>
</troncon>
<troncon>
<ville1>V2</ville1>
<ville2>V3</ville2>
<vitesse>70</vitesse>
<touristique>non</touristique>
<radar>non</radar>
<payant>non</payant>
<longueur>281</longueur>
</troncon>
<troncon>
<ville1>V2</ville1>
<ville2>V4</ville2>
<vitesse>30</vitesse>
<touristique>non</touristique>
<radar>non</radar>
<payant>non</payant>
<longueur>410</longueur>
</troncon>
<troncon>
<ville1>V2</ville1>
<ville2>V5</ville2>
<vitesse>70</vitesse>
<touristique>oui</touristique>
<radar>non</radar>
<payant>non</payant>
<longueur>242</longueur>
</troncon>
<troncon>
<ville1>V2</ville1>
<ville2>V6</ville2>
<vitesse>50</vitesse>
<touristique>non</touristique>
<radar>non</radar>
<payant>non</payant>
<longueur>227</longueur>
</troncon>
<troncon>
<ville1>V2</ville1>
<ville2>V7</ville2>
<vitesse>50</vitesse>
<touristique>non</touristique>
<radar>non</radar>
<payant>non</payant>
<longueur>252</longueur>
</troncon>
</route>
</reseau>