<trajet>
<ville-depart>Paris</ville-depart>
<etape>
<numero>1</numero>
<route>A6</route>
<destination>Nantes</destination>
</etape>
<etape>
<numero>2</numero>
<route>N18</route>
<destination>Chartres</destination>
</etape>
<etape>
<numero>3</numero>
<route>A6</route>
<destination>Wissous</destination>
</etape>
<etape>
<numero>4</numero>
<route>C15</route>
<destination>Enghien</destination>
</etape>
<etape>
<numero>5</numero>
<route>A6</route>
<destination>Nantes</destination>
</etape>
<ville-arrivee>Paris</ville-arrivee>
</trajet>